N,P,K,temperature,humidity,ph,rainfall,label
111,5,50,27.59350075,91.79742953,6.399891457,24.84266123,muskmelon
17,74,17,26.03026959,69.55863145,7.393210848,37.11395801,lentil
20,28,26,26.37978453,91.49882979,5.547594847,167.0470997,coconut
91,38,36,26.5232969,77.17331847,7.287318723,157.8548562,jute
83,57,19,25.73044432,70.74739256,6.877869005,98.73771338,maize
29,140,195,23.64082979,90.95257927,5.560521058,116.7431319,apple
80,16,46,25.50405534,81.40297428,6.940236218,48.47833278,watermelon
60,48,39,24.28209415,80.30025587,7.042299069,231.0863347,rice
65,63,50,31.88342554,91.3256535,6.524459342,79.27201575,papaya
27,60,17,26.41768321,63.64698302,7.026795359,64.42177127,blackgram
34,75,24,23.50222822,51.29019509,4.760038039,192.3023991,pigeonpeas
23,23,27,34.72413192,51.4271781,5.161148592,97.31258083,mango
1,59,23,27.46852989,87.17649,7.184398832,43.78420984,mungbean
18,14,11,28.04799508,90.00621688,6.550814117,117.1311498,orange
39,132,196,35.83089092,83.32560104,5.778594403,73.67984885,grapes
54,65,47,27.92765919,91.55594211,6.721835879,149.9107557,papaya
115,9,52,29.06785065,90.97685539,6.019372459,29.1194739,muskmelon
110,78,50,25.93730186,78.89864446,5.915568968,98.21747528,banana
82,25,51,24.31334971,87.47409052,6.074209622,48.11248366,watermelon
34,68,51,27.34734861,94.17756725,6.687088098,40.35153141,papaya
28,7,9,34.5917846,92.13229786,6.730757538,115.5650287,orange
18,66,22,25.87990287,67.55109024,6.347379185,47.89645224,lentil
34,60,25,29.78416743,85.16906976,6.79385576,40.77872823,mungbean
26,80,18,19.32509638,23.3334788,5.581021521,104.7783947,kidneybeans
62,49,37,24.21744605,82.85284045,7.479248124,166.1365886,jute
9,122,201,29.58748357,80.91934392,5.570290539,68.06417307,grapes
28,79,16,24.70626432,60.26854183,6.052184881,53.12442925,lentil
82,46,41,23.3250131,79.79609448,6.581693772,187.3096148,jute
43,64,47,38.58954491,91.58076549,6.825664782,102.2708231,papaya
114,20,26,25.55656667,62.67087838,7.27905689,193.5866233,coffee
16,145,199,26.91624843,80.76838926,5.953966361,69.30927185,grapes
88,50,40,25.63215038,79.95150917,7.051822472,182.2582277,jute
115,31,30,24.22984659,67.37768353,6.840927967,122.4073418,coffee
22,55,24,28.56800579,57.30636014,8.66077954,64.53027638,mothbeans
78,37,22,25.34217103,63.31801994,6.330554389,74.52082026,maize
80,18,31,24.02952505,58.84880599,7.303033217,134.6803969,coffee
19,24,15,20.48954522,93.72485075,7.137136973,111.8391951,orange
30,37,25,29.89129144,80.14487166,7.120032489,54.7960127,mungbean
69,67,52,27.71948962,94.43877142,6.827305908,82.83061083,papaya
34,68,51,27.34734861,94.17756725,6.687088098,40.35153141,papaya
13,28,33,28.130115,95.64807631,5.686972967,151.0761899,coconut
70,54,46,39.73149053,91.12220596,6.919342407,122.7628653,papaya
1,6,35,27.02269204,95.71935435,6.231662767,147.1682459,coconut
88,35,40,23.57943626,83.58760316,5.85393208,291.2986618,rice
42,73,25,34.03679184,67.21113844,6.501869314,73.23573601,blackgram
36,55,20,27.01470397,84.34262707,6.635968698,55.296354,mungbean
31,58,15,27.11026483,84.96771717,7.121571293,51.52617423,mungbean
66,47,36,24.85441411,74.4407048,6.57256106,175.572958,jute
2,21,35,25.02887163,91.53720922,6.293662363,179.8248944,coconut
39,52,53,32.51247398,94.65904123,6.704204398,51.07048113,papaya
19,123,200,34.76086052,81.03544763,6.167013532,65.70430027,grapes
107,5,52,26.6634609,89.98405233,6.881425746,57.40847165,watermelon
93,56,42,23.85724032,82.22572988,7.382762603,195.0948311,rice
34,6,27,25.84726298,90.92669463,5.860740481,147.8888994,coconut
34,59,18,23.38002569,21.98879437,5.744117663,87.66898664,kidneybeans
33,14,35,27.14865285,96.66355213,6.027707171,149.2433497,coconut
53,55,55,33.32315744,91.25271223,6.709668804,234.496633,papaya
5,8,5,11.03367937,92.22706805,6.562594972,112.7715925,orange
28,6,40,22.10621387,91.34039616,6.769855664,106.8704803,pomegranate
99,38,21,22.88330922,71.59722446,6.352471866,67.72777298,maize
23,21,26,26.45488737,93.45042636,5.901495544,149.2220255,coconut
29,63,17,30.02629908,67.88811637,7.26154329,66.47264636,blackgram
24,80,22,16.71170642,19.17651433,5.635993966,96.77285817,kidneybeans
3,141,197,21.98141856,91.12719303,6.142803397,115.4789148,apple
34,59,18,23.38002569,21.98879437,5.744117663,87.66898664,kidneybeans
24,6,32,28.11321494,90.01734526,6.387067562,172.4813641,coconut
88,21,27,24.43011925,66.02411187,7.231166546,181.6368274,coffee
102,73,52,27.9122104,83.36307683,6.356090905,90.24211529,banana
38,21,35,20.33691147,89.38003827,5.841367187,110.9653137,pomegranate
40,5,29,28.48444906,97.76865458,5.820978791,160.389421,coconut
26,126,195,21.41363812,92.99124545,5.878568981,118.3979065,apple
93,56,36,24.01497622,82.05687182,6.98435366,185.2773389,rice
18,125,204,22.35548159,94.47811755,6.046673619,116.7366261,apple
99,41,36,24.45802087,82.74835604,6.738652179,182.5616319,rice
107,22,54,27.99611732,90.84660317,6.630301421,21.61893763,muskmelon
30,60,21,28.87667593,62.4901206,5.457871273,182.2688175,pigeonpeas
93,94,53,25.86632408,84.42379269,6.079178788,114.5357503,banana
37,73,21,29.50304807,63.46513414,5.560224583,189.5208915,pigeonpeas
109,23,25,25.11711046,68.48030408,7.00733163,194.8773479,coffee
99,40,32,24.18471151,69.94807345,7.045543056,163.2708732,coffee
117,24,53,29.17220859,92.21405224,6.293486295,21.30290472,muskmelon
57,56,78,17.34150229,18.75626255,8.861479668,67.9545435,chickpea
99,54,37,21.14347496,80.33502926,5.594819626,198.6730942,rice
13,73,20,30.50420876,35.48885969,5.391560418,162.5927723,pigeonpeas
44,47,45,38.73218907,94.73613484,6.579441304,218.142147,papaya
1,132,200,16.27852801,82.94270065,5.620745638,66.57462809,grapes
100,76,45,25.56703012,75.94067692,5.590236025,102.7867717,banana
101,92,45,28.22776705,80.6430384,5.758054257,98.00403016,banana
120,24,47,26.98603693,89.4138489,6.260838965,58.54876687,watermelon
22,28,26,27.67256197,45.41692012,4.947683034,92.84991507,mango
132,52,19,24.16402322,76.7433897,6.436691764,61.94626051,cotton
94,89,48,28.55980972,84.51602322,5.653437902,111.0843029,banana
2,21,35,25.02887163,91.53720922,6.293662363,179.8248944,coconut
45,57,47,23.16855863,90.78821158,6.656458831,161.6892093,papaya
23,138,195,22.49095104,91.70292746,5.795985716,124.3915101,apple
52,68,78,17.48504075,16.96070581,6.89655198,86.05078037,chickpea
121,45,22,22.45942937,81.30681027,6.443785385,64.23026638,cotton
120,20,45,25.66576039,88.6984228,6.114128685,54.22722466,watermelon
38,61,52,31.22790131,94.94021378,6.620729882,46.44279118,papaya
86,36,24,26.54986394,72.89187265,5.787268394,73.33636055,maize
26,80,83,17.08498521,16.14565756,7.528599957,71.31007253,chickpea
95,26,45,29.91690582,94.55695552,6.117530021,28.16057247,muskmelon
67,51,24,23.50297882,61.32026065,5.584171461,64.77791424,maize
57,64,55,26.68386496,92.9585411,6.583760499,62.50689682,papaya
30,30,35,25.00872392,95.59224018,6.001936419,165.8092179,coconut
109,10,53,26.81938687,87.8274604,6.551750306,46.06193778,watermelon
37,62,22,24.02037872,61.62313345,7.397546271,49.78102578,lentil
100,40,20,22.45145981,76.25674874,7.432043735,86.84998693,cotton
71,46,40,20.2801937,82.1235421,7.236705436,191.9535738,rice
39,65,23,25.43459777,69.12613376,7.685959305,41.02682925,lentil
13,28,33,28.130115,95.64807631,5.686972967,151.0761899,coconut
36,54,46,42.54744013,94.94482086,6.662875839,214.4103848,papaya
95,12,51,25.76484262,84.1726996,6.681606702,44.22066914,watermelon
22,44,24,24.30935081,56.32938343,6.030447288,58.99536268,mothbeans
140,38,15,24.1472953,75.88298598,6.021439523,69.91563467,cotton
120,19,49,25.79448878,84.26830701,6.762471629,56.45229202,watermelon
107,38,29,26.65069302,57.56695719,6.35118177,145.105065,coffee
28,57,17,30.47757686,61.58245338,9.416003106,61.86633917,mothbeans
74,43,23,25.95263264,61.89082199,6.325235159,99.57981207,maize
13,22,5,19.667056,90.50096668,7.764040111,100.1737964,orange
63,43,19,18.51816776,55.53128131,6.641906353,90.988051,maize
16,75,21,18.50692825,23.61670065,5.679224346,87.0513289,kidneybeans
14,21,35,29.52501367,91.91185319,6.121005506,194.3100272,coconut
34,62,55,27.58548913,90.72526502,6.585346229,238.5008779,papaya
39,65,53,35.33294932,92.11508608,6.560743093,235.6133585,papaya
35,41,18,28.70562673,81.59200689,6.705008504,59.87065439,mungbean
61,64,52,43.30204933,92.83405443,6.641098708,110.562229,papaya
101,25,52,29.09910406,94.22237826,6.750145572,22.52497327,muskmelon
29,41,21,31.49398069,62.84916863,8.86979671,64.56807592,mothbeans
11,124,204,13.42988625,80.06633966,6.361141107,71.40043037,grapes
66,53,19,23.09348056,60.1159381,6.033550195,65.49730729,maize
31,5,14,17.66545409,91.69865887,6.583411671,110.6857506,orange
102,73,54,26.4020227,84.41007614,5.720726906,111.0162259,banana
75,41,35,24.97042599,78.62697699,6.856833064,166.6415254,jute
118,31,34,27.54823036,62.88179198,6.123796057,181.4170812,coffee
84,55,38,26.8748389,79.78725152,6.956682743,173.1017097,jute
34,47,19,27.31372793,85.44815232,6.568795404,53.15223123,mungbean
19,30,30,29.56549169,91.40896307,5.826381164,224.8315729,coconut
13,67,18,30.5753044,34.75591197,5.384762927,177.5764304,pigeonpeas
8,33,29,29.98080499,49.48613279,6.442393461,91.82271568,mango
27,69,22,17.91652287,24.90814655,5.932323085,69.14681022,kidneybeans
20,60,22,29.65052947,42.89833235,6.876572503,186.9226052,pigeonpeas
9,17,32,25.94951662,93.40548703,5.842317989,172.0540491,coconut
19,21,34,30.01592643,53.19212381,5.074272692,97.72843182,mango
62,52,16,22.27526694,58.84015925,6.967057762,63.87020584,maize
37,73,21,29.50304807,63.46513414,5.560224583,189.5208915,pigeonpeas
32,66,17,34.9466155,65.26774011,7.162357641,70.1415139,blackgram
95,52,36,26.22916897,83.83625819,5.543360238,286.5083725,rice
2,72,18,26.57597546,60.97876599,7.836719564,50.89110726,lentil
30,75,81,19.41789736,16.80472243,6.408437886,68.4951189,chickpea
2,36,31,30.90225239,49.95955487,5.73171945,91.77522598,mango
24,67,22,20.120043,22.89845607,5.618844277,104.6252153,kidneybeans
52,63,19,29.58949031,68.32176769,6.928898659,67.53021213,blackgram
82,35,35,25.49386782,86.97061481,7.299076163,176.5268267,jute
10,79,18,21.0643684,55.46985938,5.624731338,184.6226709,pigeonpeas
19,51,25,26.80474415,48.23991436,3.5253661,43.87801983,mothbeans
24,70,21,19.14729038,45.3733757,5.517208078,132.7748215,pigeonpeas
85,22,53,25.96534238,89.77076659,6.849471704,59.46338556,watermelon
67,45,38,22.72791041,82.1706881,7.300410836,260.8875056,rice
18,79,20,20.27514686,23.2353604,5.877347515,139.7521543,kidneybeans
19,17,39,24.72485577,85.56083187,6.728599215,111.2787584,pomegranate
28,23,28,30.01821337,50.0983181,5.676032581,96.08745082,mango
18,125,204,22.35548159,94.47811755,6.046673619,116.7366261,apple
28,67,21,21.79792649,63.73086065,6.250994223,46.62370222,lentil
27,64,21,32.84213012,68.68401492,7.543804223,73.67166182,blackgram
84,55,38,26.8748389,79.78725152,6.956682743,173.1017097,jute
70,54,46,39.73149053,91.12220596,6.919342407,122.7628653,papaya
47,79,78,17.48395377,14.76014523,6.609696734,65.11365631,chickpea
13,16,8,34.74004942,93.12316972,6.949838549,100.1967854,orange
18,74,15,24.9035819,22.27512704,5.70836603,146.4727237,kidneybeans
37,64,22,17.48189735,18.8251973,5.954665349,121.9401369,kidneybeans
91,24,55,26.27061608,83.09194521,6.259086583,46.76837499,watermelon
1,30,29,28.33333307,51.39586505,6.434197756,91.67241761,mango
64,35,23,23.02038334,61.89472002,5.680361038,63.03843397,maize
92,20,55,25.10474753,87.5267616,6.587791262,59.26519444,watermelon
30,143,199,23.76881552,90.59810302,5.7983508,102.2648546,apple
2,24,34,28.89409382,54.80750249,6.472774648,94.76322976,mango
125,39,21,25.03149561,82.21276599,7.954629324,95.0191318,cotton
105,93,46,25.01018457,78.76260938,5.760457558,108.3690513,banana
110,39,18,24.54795322,75.39752705,7.766259769,63.88079866,cotton
43,79,79,19.40751744,18.98030507,7.806747656,80.25064637,chickpea
78,43,42,21.32376327,83.00320459,7.283736617,192.3197536,rice
9,59,24,20.43517772,39.37252634,4.747352458,137.2279662,pigeonpeas
94,89,48,28.55980972,84.51602322,5.653437902,111.0843029,banana
48,62,47,25.34756111,93.02871078,6.803094965,174.4012337,papaya
31,60,24,25.40474421,65.8567539,7.722335992,51.92057267,lentil
0,29,32,28.05912437,98.3670985,5.868255858,171.6516396,coconut
23,5,44,21.20725375,94.26304717,7.16300467,107.5660804,pomegranate
91,35,38,24.8972823,80.52586088,6.13428721,183.6793207,rice
40,9,41,24.37766782,85.4017118,5.78270695,106.128338,pomegranate
17,136,196,23.87192332,90.49939035,5.882155988,103.0548094,apple
13,144,204,30.7280404,82.42614055,6.092241627,68.38135469,grapes
3,60,19,25.74679443,40.7192594,4.820788186,100.7791633,pigeonpeas
112,49,25,25.68959532,77.90621048,6.470135478,66.19426787,cotton
56,79,15,29.48439992,63.19915325,7.454532137,71.89090748,blackgram
2,51,17,25.87682261,45.96341933,5.838508699,38.53254678,mothbeans
110,15,48,28.57819995,92.86597437,6.212567211,27.5987178,muskmelon
91,84,52,29.14827211,78.71024836,6.390741836,117.536781,banana
72,51,40,23.20683504,74.09956958,7.422318499,199.4766779,jute
32,129,201,16.36251869,83.00471609,6.48754639,71.55665483,grapes
34,80,19,31.49338309,63.0563645,6.521217963,71.48327008,blackgram
33,29,34,31.40948821,49.21729127,6.832979509,92.99739415,mango
31,72,17,28.69180475,49.47225353,5.833031708,96.36222901,pigeonpeas
104,23,47,26.98212846,86.70068316,6.770434148,42.91292205,watermelon
10,140,197,22.16939473,90.27185592,6.229498836,124.4683112,apple
7,20,12,16.53460397,94.76759975,6.475275337,110.0447896,orange
89,54,38,24.51588066,83.5352163,6.685346424,230.4462359,rice
93,47,37,21.53346343,82.14004101,6.500343222,295.9248796,rice
13,30,37,20.86474944,91.61793636,6.277148771,106.8685636,pomegranate
81,6,55,24.88910524,85.87059083,6.110142735,51.70699144,watermelon
36,76,75,18.38120357,16.63805158,8.736337905,70.52056697,chickpea
37,38,32,31.85744939,45.53106268,5.417340525,91.55845821,mango
26,80,83,17.08498521,16.14565756,7.528599957,71.31007253,chickpea
99,54,37,21.14347496,80.33502926,5.594819626,198.6730942,rice
97,59,43,26.35927159,84.04403589,6.286500176,271.3586137,rice
108,33,31,23.69287069,66.76090123,7.393825704,144.6576424,coffee
39,76,76,19.96837462,15.57324389,8.135900726,69.15759062,chickpea
109,29,28,23.26316991,60.5160021,6.724688503,194.1755471,coffee
83,9,45,25.85483596,89.13163965,6.049609892,46.85176955,watermelon
105,95,50,27.33368994,83.67675197,5.849076099,101.0494791,banana
49,76,18,27.05365239,67.7017527,7.393631868,60.4693835,blackgram
2,24,34,28.89409382,54.80750249,6.472774648,94.76322976,mango
4,69,19,19.25100056,47.70351758,5.374358869,149.063196,pigeonpeas
12,8,10,16.14820285,91.4448027,7.995848977,107.4287664,orange
17,52,17,27.88352946,86.45147631,6.364967184,44.64407105,mungbean
89,11,47,29.78714005,94.65343534,6.327822962,27.8659442,muskmelon
6,77,20,25.78746268,60.2816298,6.058306161,49.14337177,lentil
13,69,19,17.30844532,20.01730914,5.86390397,115.199245,kidneybeans
19,78,16,20.65375833,23.10538637,5.967533236,67.71768947,kidneybeans
16,10,41,24.77464458,85.63608688,6.738993954,105.7595811,pomegranate
6,144,198,21.11478672,90.31528693,5.559363609,104.5086618,apple
7,79,23,19.6365349,19.68751084,5.821649914,96.65888933,kidneybeans
85,52,45,26.31355498,82.36698992,7.224285503,265.5355937,rice
108,89,53,29.12036889,80.18080728,5.908770059,112.3982055,banana
88,17,52,29.90415889,90.75284363,6.646962425,25.37828397,muskmelon
115,9,52,29.06785065,90.97685539,6.019372459,29.1194739,muskmelon
23,59,19,21.98560799,24.87304788,5.852046999,129.5650601,kidneybeans
6,9,12,31.08368929,90.14362642,7.028746406,109.6894658,orange
88,35,40,23.57943626,83.58760316,5.85393208,291.2986618,rice
40,51,17,28.66086349,86.12194568,6.860602782,50.01534317,mungbean
91,13,47,29.10968327,92.43510994,6.14410903,27.95602304,muskmelon
89,53,44,24.88692811,71.91711523,7.319735475,150.2498675,jute
16,10,41,24.77464458,85.63608688,6.738993954,105.7595811,pomegranate
43,61,20,26.87187036,61.61367264,6.804253866,63.51822045,blackgram
18,17,31,31.74592134,45.16127859,5.667507706,93.75441586,mango
98,22,47,29.07265321,91.91533173,6.341400922,28.83568362,muskmelon
108,22,46,26.17668721,86.7295205,6.121168559,53.33484977,watermelon
83,58,23,19.74213321,59.66263104,6.381201909,65.50861389,maize
16,10,41,24.77464458,85.63608688,6.738993954,105.7595811,pomegranate
30,127,204,22.50050273,92.45878335,6.126436584,100.9343903,apple
4,20,25,28.93270187,47.94053996,5.664587011,99.9834242,mango
34,9,36,22.8122645,86.34233767,6.276038961,110.4432293,pomegranate
89,25,50,27.04863538,91.34685096,6.375923383,25.08146686,muskmelon
95,74,50,25.90113128,80.47152737,6.002481605,110.10323,banana
82,77,46,28.9470467,82.1888998,5.901100841,95.83016448,banana
107,38,29,26.65069302,57.56695719,6.35118177,145.105065,coffee
65,63,50,31.88342554,91.3256535,6.524459342,79.27201575,papaya
115,12,52,27.51492243,94.96218673,6.685553129,21.01796432,muskmelon
119,90,48,28.66725136,79.59242542,5.986442306,118.2583441,banana
103,42,17,24.29470232,84.61527627,6.527541661,81.05902285,cotton
29,67,21,29.79181107,63.38789228,6.621323612,63.02169909,blackgram
28,70,21,25.39038396,60.4989659,7.437373666,39.18374505,lentil
100,14,49,29.48882958,91.07574233,6.365956658,26.01909355,muskmelon
99,54,37,21.14347496,80.33502926,5.594819626,198.6730942,rice
118,31,34,27.54823036,62.88179198,6.123796057,181.4170812,coffee
76,51,18,26.16985907,71.96246617,6.247040422,79.84925393,maize
38,138,204,25.11108456,83.25447587,6.325480034,73.01026829,grapes
22,68,16,27.70496805,63.20915034,7.74672376,37.46160727,lentil
22,79,17,21.42451099,20.39659714,5.912289889,116.5206923,kidneybeans
42,61,22,26.27274407,62.28814857,7.418650668,70.23207557,blackgram
2,30,30,26.00175125,94.79998418,6.331051715,209.540094,coconut
37,66,85,20.93175255,18.91295403,6.456148474,78.06910795,chickpea
29,11,5,23.13338811,91.94670335,7.639788459,104.4224145,orange
29,67,21,29.79181107,63.38789228,6.621323612,63.02169909,blackgram
28,69,16,29.77013109,66.29327012,6.547361618,35.69674138,lentil
6,123,203,12.7567962,81.62497448,6.130310493,66.77844567,grapes
33,73,23,29.23540524,59.38967583,5.985792703,103.3301803,pigeonpeas
93,22,52,26.58740671,81.32563243,6.932739726,41.87540028,watermelon
109,31,27,23.05951896,50.40609436,6.973839707,164.4971875,coffee
119,19,55,25.18780042,83.44621709,6.818261383,46.87420883,watermelon
117,76,47,25.56202173,77.38229006,6.119216009,93.10247183,banana
32,68,19,24.62835037,18.18325169,5.514234138,149.7441028,kidneybeans
88,21,27,24.43011925,66.02411187,7.231166546,181.6368274,coffee
23,5,44,21.20725375,94.26304717,7.16300467,107.5660804,pomegranate
21,137,196,23.6119202,91.70293849,5.812781806,123.5900822,apple
35,67,49,41.31330062,91.1508798,6.617066674,239.7427554,papaya
37,6,13,26.03097313,91.50819306,7.511755068,101.2847738,orange
122,59,18,23.5000992,83.63488952,6.219469084,79.81328183,cotton
116,28,34,23.44372334,60.39523266,6.42321105,122.2103248,coffee
100,40,20,22.45145981,76.25674874,7.432043735,86.84998693,cotton
9,59,24,20.43517772,39.37252634,4.747352458,137.2279662,pigeonpeas
13,69,19,17.30844532,20.01730914,5.86390397,115.199245,kidneybeans
28,23,28,30.01821337,50.0983181,5.676032581,96.08745082,mango
45,57,47,23.16855863,90.78821158,6.656458831,161.6892093,papaya
0,23,15,22.56664172,93.37488907,7.598729065,109.8585753,orange
36,38,15,28.36363858,87.59810657,6.320662012,57.99524359,mungbean
39,132,196,35.83089092,83.32560104,5.778594403,73.67984885,grapes
27,76,83,19.12829388,14.92241479,6.289614016,89.61857826,chickpea
33,77,21,30.32992227,65.62971858,7.01285529,71.64631281,blackgram
119,72,55,25.99069521,83.33983116,6.220643671,112.0777152,banana
62,48,20,21.70181447,60.47470519,6.708446922,95.71388473,maize
38,56,25,25.74095321,45.38497051,7.88118645,67.43488235,mothbeans
19,55,20,27.43329405,87.80507732,7.18530147,54.73367631,mungbean
95,23,45,27.82424457,90.56698742,6.266208727,21.19014526,muskmelon
40,144,196,22.71750705,92.25479855,5.987262638,107.0289866,apple
100,48,17,23.7805123,83.03878838,7.827877818,66.26555904,cotton
22,72,85,18.86805647,15.65809214,6.391173589,88.51048983,chickpea
12,67,23,25.62896213,63.14909763,6.585020303,45.49683991,lentil
12,78,23,16.06522754,18.72479695,5.99812453,88.06638775,kidneybeans
40,121,199,26.18159716,81.03886263,6.315586313,66.05911698,grapes
2,56,23,26.65333029,59.79023382,7.550090941,36.91852635,mothbeans
40,27,45,21.6602498,94.79397419,5.885638185,112.4349689,pomegranate
35,142,203,21.17089176,90.23730166,5.895319002,123.6495149,apple
71,46,40,20.2801937,82.1235421,7.236705436,191.9535738,rice
98,8,51,26.1793464,86.52258079,6.25933595,49.43050977,watermelon
33,15,7,15.83388699,91.68293851,7.651225301,109.7571416,orange
90,14,52,24.84740848,89.20454622,6.391858432,59.67927244,watermelon
12,58,23,21.74600081,63.39503184,6.765091462,50.43306085,lentil
91,50,40,20.82477109,84.1341879,6.462391607,230.2242223,rice
96,18,50,25.3310446,84.30533791,6.904241707,41.53218699,watermelon
99,19,33,27.5364547,55.51673151,6.273741983,130.6377143,coffee
38,72,21,28.23416057,49.4421345,5.902103172,186.5008581,pigeonpeas
20,73,22,16.03768615,22.33195853,5.976312538,130.3900798,kidneybeans
9,122,201,29.58748357,80.91934392,5.570290539,68.06417307,grapes
31,40,22,29.40889385,86.16063492,6.365513634,53.35486977,mungbean
16,10,41,24.77464458,85.63608688,6.738993954,105.7595811,pomegranate
14,48,21,29.24598976,84.80084105,6.991242362,53.43228915,mungbean
57,68,81,17.17012591,17.30457712,8.081095263,72.78624223,chickpea
52,63,19,29.58949031,68.32176769,6.928898659,67.53021213,blackgram
1,12,30,27.754298,95.94643831,5.56222383,131.0900076,coconut
23,39,22,29.25649321,81.97952224,6.86483915,42.02483277,mungbean
96,54,22,25.70196694,61.33450447,6.960358276,83.20711308,maize
82,75,55,27.34585147,78.4873835,6.281069505,92.15524332,banana
106,16,54,28.96017885,91.69532178,6.585872508,24.7458198,muskmelon
111,40,25,24.484692,84.44932014,6.187455799,90.94342484,cotton
20,7,9,29.47741671,91.57802915,7.129136941,111.1727497,orange
20,7,45,18.90592319,89.24126808,6.077886012,112.4750941,pomegranate
116,40,33,24.91370487,54.15319242,7.042089492,129.5481144,coffee
40,21,8,34.90665289,92.87820148,7.418761774,102.1906333,orange
100,74,52,25.43480512,81.53977797,5.837258235,96.47800391,banana
29,21,45,23.40981539,93.13277,6.749260456,105.2240743,pomegranate
59,58,17,28.546224,66.31394098,7.368318809,62.83469851,blackgram
69,47,40,25.37122686,76.2403666,6.130136384,183.8270791,jute
99,6,46,28.61475136,94.22253035,6.39637861,28.98574189,muskmelon
85,27,45,26.0713757,88.7285657,6.467095849,57.79652846,watermelon
106,14,45,24.47018505,84.16390229,6.417011754,57.26773002,watermelon
0,69,21,25.86928193,61.88321072,7.072923306,36.68284038,lentil
27,139,205,22.48403042,93.40819246,5.772179946,105.5473627,apple
22,78,76,17.84851658,19.09172907,8.621662982,76.32470713,chickpea
81,45,35,26.52872817,80.12267476,6.158376967,218.9163567,rice
22,37,20,27.62749466,86.49366929,6.605733068,39.26137642,mungbean
23,24,32,28.1218093,46.16888595,5.630619901,93.30247448,mango
136,36,24,22.74446976,80.41198458,7.59781958,90.07326633,cotton
33,134,205,21.0365275,94.33919546,6.08551916,114.7412734,apple
100,24,28,25.59535262,57.72920846,7.101661011,195.7733251,coffee
63,58,47,26.83054058,90.75379971,6.864143752,144.6656444,papaya
36,25,33,27.98392787,53.33018851,5.548584852,99.61465679,mango
97,59,43,26.35927159,84.04403589,6.286500176,271.3586137,rice
57,68,81,17.17012591,17.30457712,8.081095263,72.78624223,chickpea
4,61,21,24.84063998,60.09116626,6.75020529,48.77790371,lentil
85,27,45,26.0713757,88.7285657,6.467095849,57.79652846,watermelon
93,56,36,24.01497622,82.05687182,6.98435366,185.2773389,rice
108,36,19,22.78249615,77.51235009,7.238566893,64.61444234,cotton
85,25,47,26.11440416,87.64081095,6.29542477,58.48160844,watermelon
115,12,52,27.51492243,94.96218673,6.685553129,21.01796432,muskmelon
92,7,45,26.70607759,81.14149505,6.944640222,51.51033554,watermelon
93,85,49,27.96799119,79.28625709,5.694243847,119.4765557,banana
28,130,196,22.13450646,94.67695747,6.062356467,112.9203223,apple
22,78,76,17.84851658,19.09172907,8.621662982,76.32470713,chickpea
40,45,18,30.43683729,55.20522037,5.261285926,30.92014047,mothbeans
16,18,26,28.43647052,91.81320717,5.568365926,145.5414413,coconut
8,127,196,27.02766138,83.17093908,5.833302165,70.95666003,grapes
27,30,5,32.71748548,90.54608254,7.656978112,113.328978,orange
120,24,47,26.98603693,89.4138489,6.260838965,58.54876687,watermelon
27,56,20,29.2114218,87.11497805,6.41874299,51.53848218,mungbean
14,18,35,31.09154239,47.02058367,4.791146778,91.46664318,mango
83,7,45,29.08417927,90.73891887,6.704104127,25.33014238,muskmelon
15,27,28,33.80398664,46.12866113,4.507523551,90.82549241,mango
20,28,26,26.37978453,91.49882979,5.547594847,167.0470997,coconut
69,51,23,22.21738222,72.85462807,6.80163854,106.6213157,maize
109,26,45,28.27973674,90.38971208,6.224535449,21.58992507,muskmelon
80,43,43,23.78756036,74.36794079,6.014572075,172.6442654,jute
30,70,79,20.26942271,19.96978871,7.313122235,69.64449182,chickpea
53,74,15,29.43463808,64.94329356,7.517097,72.17818157,blackgram
20,20,10,11.86631922,93.68394562,6.976997772,106.060149,orange
100,32,26,25.234661,57.53161469,6.043485685,124.2261737,coffee
32,76,15,28.05153602,63.49802189,7.604110177,43.35795377,lentil
74,35,40,26.49109635,80.15836264,6.980400905,242.8640342,rice
8,23,44,18.47412402,89.68919664,7.130837931,108.4758509,pomegranate
82,78,46,25.05802193,84.97323747,5.738678895,110.4408803,banana
95,12,46,26.21667586,81.01009354,6.32281728,54.65423596,watermelon
78,35,44,26.54348085,84.67353597,7.072655622,183.6222657,rice
97,29,27,27.74576987,54.36976075,7.205078785,139.8619431,coffee
27,21,30,35.3915464,52.48823147,5.061081874,91.22881052,mango
103,33,25,27.10210397,55.7497332,6.911066044,139.5013171,coffee
100,80,52,27.53911354,77.25629897,6.049801781,110.3262123,banana
72,45,35,25.42977518,82.94682591,5.758506323,195.3574542,rice
71,60,22,26.07470121,59.37147589,6.2048017,85.75692395,maize
38,24,33,28.28905147,97.00396405,5.973853124,142.9403233,coconut
31,51,25,27.53592929,85.5701901,7.196774236,53.01899249,mungbean
39,127,202,15.3246651,81.67215994,6.477768039,71.60102999,grapes
83,95,50,26.51682337,77.79913575,5.50947065,108.8547508,banana
60,43,44,21.01944696,82.95221726,7.416245107,298.4018471,rice
40,144,196,22.71750705,92.25479855,5.987262638,107.0289866,apple
87,48,25,18.65396672,61.37879671,6.656730008,93.62039175,maize
112,73,48,29.2440638,77.32017166,5.707488987,90.66727868,banana
18,23,44,23.71028128,89.61794165,6.184400085,105.6499907,pomegranate
11,18,42,21.57936934,94.88267728,5.938528744,102.8593382,pomegranate
106,70,55,25.86824781,78.52399914,5.74055541,116.3019555,banana
111,28,26,27.77363343,64.47858698,6.937352845,192.7121236,coffee
30,17,31,31.20478173,54.49960506,6.804437106,94.62954663,mango
39,77,21,22.99774444,60.24218572,4.603563116,159.689339,pigeonpeas
9,77,17,21.65845777,63.58337146,6.280725549,38.07659414,lentil
81,53,42,23.67575393,81.03569343,5.17782304,233.7034975,rice
19,15,34,26.29644905,99.65809151,5.685889066,215.9195049,coconut
38,61,21,30.27374995,67.38680755,4.696518678,127.7767134,pigeonpeas
82,46,41,23.3250131,79.79609448,6.581693772,187.3096148,jute
91,25,26,24.53460016,66.99765375,7.482414225,180.5059257,coffee
65,60,22,25.36768364,72.52054555,6.606984086,107.9124111,maize
111,39,22,22.60361557,80.3509046,6.135025006,88.57395505,cotton
102,53,21,23.03814028,76.11021529,6.913678684,91.49697481,cotton
108,33,31,23.69287069,66.76090123,7.393825704,144.6576424,coffee
89,47,38,25.52468965,72.24850829,6.002524871,151.8869972,jute
61,53,43,26.40323239,81.05635517,6.349606327,223.3671883,rice
5,16,31,35.96054636,48.69677802,4.555688532,98.00644238,mango
20,7,45,18.90592319,89.24126808,6.077886012,112.4750941,pomegranate
31,136,197,31.11047251,83.34010951,5.653776058,71.43001582,grapes
11,45,19,28.70012137,44.359648,3.828031463,44.11622138,mothbeans
100,52,19,23.45969093,82.44777468,7.903528673,93.50153555,cotton
61,38,20,18.47891261,62.69503871,5.970458434,65.43835393,maize
116,71,47,27.57278064,82.0638878,6.435785799,91.34276507,banana
31,35,23,30.30260453,47.18283631,7.707595055,68.04039813,mothbeans
3,136,205,17.5862944,80.84806564,6.334771461,71.4065452,grapes
31,60,24,25.40474421,65.8567539,7.722335992,51.92057267,lentil
33,75,84,19.46210401,18.72831993,7.217018459,68.81405149,chickpea
35,30,34,28.2974764,95.41122824,6.141502001,182.4482352,coconut
22,68,16,27.70496805,63.20915034,7.74672376,37.46160727,lentil
114,27,48,27.82054812,93.03555162,6.528404378,26.32405487,muskmelon
59,63,18,31.65531175,60.13263713,6.52669158,66.69096751,blackgram
73,43,42,26.58361011,78.00774772,6.310699968,154.8238864,jute
50,59,47,40.76998685,92.09278584,6.747975732,209.8678411,papaya
24,53,17,28.95451232,89.07866095,6.421271178,57.65901369,mungbean
75,41,35,24.97042599,78.62697699,6.856833064,166.6415254,jute
30,65,82,20.71424384,15.27824066,7.103798069,76.77888672,chickpea
92,81,52,28.0106804,76.52808057,5.891413895,103.7040783,banana
119,72,55,25.99069521,83.33983116,6.220643671,112.0777152,banana
72,40,38,20.41447029,82.20802629,7.592490617,245.1511304,rice
34,60,23,20.12574053,24.96969858,5.659254981,100.0497183,kidneybeans
10,59,15,29.83040388,89.30428305,6.32400451,58.86687093,mungbean
81,53,42,23.67575393,81.03569343,5.17782304,233.7034975,rice
8,33,29,29.98080499,49.48613279,6.442393461,91.82271568,mango
38,60,76,18.65054116,17.80852431,8.868741443,77.92798682,chickpea
61,41,17,25.1420613,65.26185135,6.021902237,76.68456006,maize
20,7,9,29.47741671,91.57802915,7.129136941,111.1727497,orange
19,7,10,14.78003032,91.22062116,6.118430299,100.1961762,orange
6,125,204,27.92004934,82.93262435,5.733539807,69.92092839,grapes
67,60,25,24.92162194,66.78627406,5.750254943,109.2162279,maize
19,39,17,29.2808618,81.8009244,6.890156495,44.47427436,mungbean
33,31,34,31.32995611,50.22287593,5.421265283,89.78216168,mango
33,14,8,21.03200078,92.9641969,7.684420446,110.6823944,orange
132,52,19,24.16402322,76.7433897,6.436691764,61.94626051,cotton
40,61,22,20.94981756,65.8108757,7.002216044,44.23913012,lentil
99,16,30,23.52652084,65.44340921,6.392791654,186.1728203,coffee
7,126,203,16.76201707,82.00335557,5.662140095,73.28712806,grapes
37,55,82,19.45591848,18.02235902,8.423873703,78.44910564,chickpea
0,65,24,28.49584395,62.44616219,7.841496029,53.14531023,lentil
93,22,48,29.12533739,91.52291141,6.776987974,21.90440445,muskmelon
84,7,51,26.81530456,87.65694462,6.399669044,55.74073582,watermelon
64,35,23,23.02038334,61.89472002,5.680361038,63.03843397,maize
6,64,23,23.33565221,67.40460704,7.065264073,36.18678721,lentil
76,54,45,24.29496635,77.62976013,6.176618831,184.9800516,jute
42,62,75,18.17912258,18.90426935,7.010570541,81.84997529,chickpea
32,137,204,22.86006627,93.12859895,5.824151693,117.7296726,apple
11,124,204,13.42988625,80.06633966,6.361141107,71.40043037,grapes
114,40,17,24.32630461,80.13456404,6.363406102,69.45072055,cotton
96,86,51,29.90888522,76.98740841,6.257369799,91.99964712,banana
131,49,22,25.49848236,79.9751579,7.306918817,67.05961949,cotton
89,85,55,26.6719835,76.48541655,6.275384607,91.73358569,banana
95,57,41,23.24925555,73.65346838,6.434610995,184.7674863,jute
29,36,25,28.28511547,88.4393979,7.130278657,48.56690235,mungbean
21,72,17,31.52104732,66.55723677,7.580527339,61.71111448,blackgram
20,7,45,18.90592319,89.24126808,6.077886012,112.4750941,pomegranate
52,70,16,33.66855394,66.60416867,7.534811833,67.32520551,blackgram
34,38,31,35.37775595,45.58110023,6.454045329,97.41586402,mango
40,126,201,11.36300891,80.03100049,6.116982944,71.18289431,grapes
95,39,36,23.86330467,83.15250801,5.561398642,285.2493645,rice
83,9,45,25.85483596,89.13163965,6.049609892,46.85176955,watermelon
58,71,15,27.82592799,67.5861883,6.919243702,74.01229707,blackgram
111,15,54,27.7058373,92.91185695,6.194090172,22.06207161,muskmelon
10,56,18,27.99627907,68.6428593,7.32710972,46.10585191,lentil
19,15,34,26.29644905,99.65809151,5.685889066,215.9195049,coconut
129,60,22,24.58453146,79.12404171,5.947448589,71.94608134,cotton
65,60,43,21.97199397,81.89918197,5.658169482,227.3637009,rice
118,13,54,24.41311871,89.81574032,6.039584629,44.07843475,watermelon
84,18,46,27.08808014,93.42402083,6.781050373,25.32159689,muskmelon
50,60,47,32.57720726,92.74889453,6.92791761,93.7942847,papaya
21,38,20,27.10508014,63.56791363,5.794289715,62.20279647,mothbeans
31,13,33,27.63834933,95.48763389,5.85971872,205.5463111,coconut
20,62,18,29.36358721,64.98742947,7.366542647,61.91208707,blackgram
37,55,82,19.45591848,18.02235902,8.423873703,78.44910564,chickpea
61,51,51,39.30050027,94.16193416,6.574677594,120.9512466,papaya
24,80,19,29.67892453,69.0854554,6.808041722,65.66436565,blackgram
33,139,203,33.34214482,82.51034633,5.693287415,70.68098614,grapes
27,80,24,28.42062847,61.77336343,7.815210661,49.02366803,lentil
100,52,19,23.45969093,82.44777468,7.903528673,93.50153555,cotton
41,62,15,29.38400259,64.14928485,7.358974541,65.24194361,blackgram
100,32,26,25.234661,57.53161469,6.043485685,124.2261737,coffee
5,68,20,19.04380471,33.10695144,6.12166671,155.3705624,pigeonpeas
22,44,24,24.30935081,56.32938343,6.030447288,58.99536268,mothbeans
45,47,55,38.4191628,91.14220381,6.751452932,119.2653877,papaya
11,18,42,21.57936934,94.88267728,5.938528744,102.8593382,pomegranate
35,142,203,21.17089176,90.23730166,5.895319002,123.6495149,apple
27,73,79,19.16288268,15.83500655,7.354973451,82.69766829,chickpea
136,36,20,23.09595631,84.86275707,6.925412377,71.29581071,cotton
61,60,15,24.87502824,68.74248334,6.265564338,91.26056654,maize
115,11,46,24.41592661,89.39655519,6.623167177,40.32161859,watermelon
36,140,198,23.34386401,91.47684705,6.28188384,104.4267991,apple
81,40,45,25.7629429,80.76238215,6.427726565,174.5071843,jute
32,78,22,23.97081395,62.35557553,7.007037515,53.40906048,lentil
2,38,18,27.53632932,89.92908171,6.619891498,45.48591922,mungbean
31,70,77,20.88818675,14.32313811,6.492546046,90.46228334,chickpea
37,124,195,18.70679077,83.4795292,6.209928251,66.5964488,grapes
0,29,32,28.05912437,98.3670985,5.868255858,171.6516396,coconut
89,11,47,29.78714005,94.65343534,6.327822962,27.8659442,muskmelon
74,54,38,25.65553461,83.47021081,7.120272972,217.3788583,rice
76,44,17,20.41683147,62.5542482,5.855442401,65.27798457,maize
3,9,45,23.89162561,89.61850203,6.535244251,104.617522,pomegranate
11,6,25,28.69164799,96.65248672,6.081568052,178.9635457,coconut
24,131,196,22.03296178,83.74372787,5.732453638,65.34440794,grapes
18,17,31,31.74592134,45.16127859,5.667507706,93.75441586,mango
101,37,18,22.92360984,82.68738535,7.63737841,92.91915074,cotton
3,26,39,24.38318965,91.19431555,7.079973241,103.6012114,pomegranate
37,30,34,27.53907547,53.63549533,6.797779227,99.35408185,mango
53,55,55,33.32315744,91.25271223,6.709668804,234.496633,papaya
24,44,17,29.8596912,80.03499648,6.666380512,50.66487502,mungbean
24,63,19,19.3479443,55.96805489,4.681576043,194.5921148,pigeonpeas
28,27,32,28.94099669,93.00109012,5.764615485,191.7723087,coconut
17,77,23,24.51324787,20.81527638,5.670062975,64.19497947,kidneybeans
1,29,29,27.32961444,49.30347234,6.052026047,93.53197359,mango
87,21,52,27.3506296,94.2911951,6.067665498,27.21244021,muskmelon
8,26,26,25.54759871,91.64194826,5.702484758,212.867626,coconut
5,68,20,19.04380471,33.10695144,6.12166671,155.3705624,pigeonpeas
107,22,54,27.99611732,90.84660317,6.630301421,21.61893763,muskmelon
17,136,196,23.87192332,90.49939035,5.882155988,103.0548094,apple
81,18,50,26.44019475,80.91934337,6.507110986,47.81847573,watermelon
98,7,45,27.79161808,92.51054946,6.157724816,26.85422624,muskmelon
39,71,84,20.28155898,16.39535215,8.140825437,82.52339655,chickpea
31,30,29,26.58580443,90.98617591,5.558807063,178.8116076,coconut
74,55,19,18.05033737,62.89366992,6.28886807,84.23613484,maize
81,41,38,22.67846116,83.72874389,7.524080076,200.9133156,rice
84,36,28,26.7350622,55.55164819,6.119892347,140.6305213,coffee
62,56,35,25.97825807,81.65769588,6.235357638,163.3488091,jute
9,48,20,29.66461594,84.28187572,6.377568542,56.09542002,mungbean
106,85,53,27.1994597,78.8086068,5.91505509,99.72430835,banana
19,21,34,30.01592643,53.19212381,5.074272692,97.72843182,mango
15,11,38,23.12808226,92.68328358,6.630646083,109.3930157,pomegranate
33,73,23,29.23540524,59.38967583,5.985792703,103.3301803,pigeonpeas
93,41,17,25.6217169,66.50415474,6.047906679,105.4654703,maize
18,79,20,20.27514686,23.2353604,5.877347515,139.7521543,kidneybeans
96,54,22,25.70196694,61.33450447,6.960358276,83.20711308,maize
4,36,22,27.60887393,86.13316408,7.012740397,43.80041104,mungbean
109,10,53,26.81938687,87.8274604,6.551750306,46.06193778,watermelon
16,29,13,32.31944397,93.67804556,6.196907944,117.6236473,orange
63,44,41,24.17298839,83.7287574,5.583370042,257.0343554,rice
22,80,20,23.00884744,18.86880997,5.669560726,100.118612,kidneybeans
24,128,196,22.75088787,90.69489172,5.521466996,110.4317855,apple
106,46,20,23.43821725,78.63388824,6.200671976,81.15072105,cotton
2,78,23,21.31852148,66.43934593,7.320514721,45.42616802,lentil
2,30,30,26.00175125,94.79998418,6.331051715,209.540094,coconut
74,39,38,23.24113501,84.59201843,7.782051313,233.0453455,rice
9,17,32,25.94951662,93.40548703,5.842317989,172.0540491,coconut
22,18,31,30.7645515,47.93791463,5.956027059,90.38503469,mango
93,22,48,29.12533739,91.52291141,6.776987974,21.90440445,muskmelon
106,49,24,23.03887865,76.47039772,6.983395573,90.64770699,cotton
30,61,18,27.14911056,67.02664337,6.157782589,52.50812701,lentil
29,77,75,17.50361137,15.48083156,7.778591618,72.9446671,chickpea
22,43,24,25.42517036,53.2208266,4.52363558,46.19374559,mothbeans
18,12,8,12.59093977,91.81668769,6.206053072,119.3916718,orange
9,10,10,22.3551049,93.52211892,6.010391864,101.5164589,orange
67,59,41,21.94766735,80.97384195,6.012632591,213.3560921,rice
76,40,43,25.15745531,83.11713476,5.070175667,231.3843163,rice
120,20,34,23.56960509,50.56339727,6.906124587,130.3797119,coffee
25,7,35,28.38503882,99.18843684,5.55771171,189.6711349,coconut
132,52,19,24.16402322,76.7433897,6.436691764,61.94626051,cotton
33,23,45,20.00218987,85.83618191,7.116538883,112.337046,pomegranate
15,36,27,27.78912455,53.96886679,5.643710216,91.01152997,mango
99,15,27,27.0424167,57.27927475,6.501157208,165.6872119,coffee
120,24,47,26.98603693,89.4138489,6.260838965,58.54876687,watermelon
54,62,80,17.48911699,16.39055394,7.489545074,79.45758333,chickpea
22,16,27,29.1797902,90.27214288,6.006784979,188.9252083,coconut
113,38,25,22.00085141,79.47270984,7.388265888,90.42224164,cotton
56,57,48,31.56213762,93.0484859,6.506120752,63.62250788,papaya
27,10,33,27.81132822,97.48410555,6.465906333,154.0621221,coconut
86,55,21,21.54156232,59.64024162,6.803931519,109.7515385,maize
21,72,17,31.52104732,66.55723677,7.580527339,61.71111448,blackgram
19,79,19,20.06003985,67.76252583,6.677262562,42.89509057,lentil
105,30,50,25.29954705,81.77527562,6.37620108,57.04147057,watermelon
93,83,46,29.38254012,83.50423735,5.765308943,109.2486647,banana
20,72,19,32.47648301,64.34848735,7.397190844,65.820457,blackgram
23,39,22,29.25649321,81.97952224,6.86483915,42.02483277,mungbean
60,51,36,22.69657794,82.81088865,6.028321558,256.9964761,rice
8,26,36,18.78359608,87.4024767,6.804781106,102.5184759,pomegranate
63,44,41,24.17298839,83.7287574,5.583370042,257.0343554,rice
113,15,29,27.09617155,63.55324262,6.779230041,190.2440566,coffee
11,61,21,18.62328774,23.02410338,5.532100554,135.3378033,kidneybeans
25,76,24,15.33042636,24.91506728,5.56503533,135.3315583,kidneybeans
19,38,26,31.48451729,48.77926304,4.525722333,93.17221967,mango
92,81,52,27.39341554,81.4654833,6.438137279,94.31102057,banana
16,73,19,18.41645629,34.80541039,4.684079249,163.2747473,pigeonpeas
111,27,31,23.59302313,55.27564977,6.043330951,191.3980675,coffee
78,58,15,25.00933355,67.816568,6.528631266,62.91359494,maize
31,6,26,29.12859129,91.30924833,5.741367375,157.2388553,coconut
126,46,25,24.43847399,81.69801729,6.757457943,60.79645852,cotton
5,65,16,21.32776028,18.48522915,5.866744372,109.1013261,kidneybeans
6,125,204,27.92004934,82.93262435,5.733539807,69.92092839,grapes
88,29,51,24.71885473,88.94568335,6.095689937,48.45978627,watermelon
87,25,46,27.42711692,90.02696201,6.379690748,21.7508774,muskmelon
10,59,22,28.60901145,86.99495766,7.155685016,36.94616965,mungbean
84,29,49,29.94349168,93.90741192,6.251420275,20.39020503,muskmelon
70,47,17,24.6129118,70.4162444,6.600827017,104.1626147,maize
11,60,23,27.33684386,88.50229102,7.033012777,51.09802625,mungbean
47,79,78,17.48395377,14.76014523,6.609696734,65.11365631,chickpea
93,26,27,24.59245684,56.46829641,7.288211994,137.7044047,coffee
32,73,81,20.45078582,15.40312102,5.988992796,92.68373702,chickpea
82,20,54,29.34033587,90.01506395,6.541150335,21.44532907,muskmelon
35,131,203,22.42776057,93.91722423,5.893490899,102.7230739,apple
8,120,201,21.18667419,91.13435689,6.321152192,122.233323,apple
27,43,23,31.70447482,56.85420099,5.875333778,44.94317432,mothbeans
96,18,50,25.3310446,84.30533791,6.904241707,41.53218699,watermelon
31,58,15,28.31886863,60.19461399,6.167855382,45.36521251,lentil
1,48,24,29.34594634,85.60472562,6.232836962,59.03629954,mungbean
1,17,6,10.78689755,91.38411917,6.8198271,117.5293447,orange
26,68,24,28.04849594,64.07691942,7.504930973,37.15824966,lentil
78,43,42,21.32376327,83.00320459,7.283736617,192.3197536,rice
39,42,20,29.3499706,61.25353851,8.055908858,40.82840673,mothbeans
26,121,201,22.19109412,90.02575116,6.162034371,112.3126628,apple
48,62,15,25.36586097,66.6379724,7.538631462,65.81655892,blackgram
136,36,24,22.74446976,80.41198458,7.59781958,90.07326633,cotton
105,60,23,23.53371386,77.21705554,6.207652157,87.54004943,cotton
58,67,45,38.72382798,91.72514851,6.702424548,62.62377075,papaya
47,79,78,17.48395377,14.76014523,6.609696734,65.11365631,chickpea
81,30,31,24.65090184,51.93952357,7.027585559,135.1386537,coffee
40,5,29,28.48444906,97.76865458,5.820978791,160.389421,coconut
29,16,36,19.81069447,88.92944254,5.740338002,102.860084,pomegranate
32,56,21,27.38538997,88.66663953,6.702772465,58.29933073,mungbean
6,7,7,27.68167318,94.47316879,7.199106204,113.9995146,orange
102,11,47,27.98780984,92.78226196,6.504906979,27.14509034,muskmelon
38,60,20,29.84823072,60.63872613,7.491217102,46.80452595,lentil
2,39,15,28.07219563,82.9116472,6.478557136,49.61865305,mungbean
2,75,22,23.89271875,61.78779413,6.658605362,52.55730112,lentil
100,74,52,25.43480512,81.53977797,5.837258235,96.47800391,banana
20,7,9,29.47741671,91.57802915,7.129136941,111.1727497,orange
23,45,23,28.77653519,86.69133979,6.983130466,56.12443206,mungbean
13,7,43,18.20230419,91.12282162,7.013481515,109.6623974,pomegranate
37,77,17,36.20970524,31.94550613,5.617122801,191.0658531,pigeonpeas
8,139,199,29.36947679,81.53996362,6.336426667,66.13442813,grapes
22,144,196,21.91191314,91.68748063,6.499226821,117.0761277,apple
6,13,9,34.51423957,90.56151463,7.786725333,118.3271968,orange
34,60,23,20.12574053,24.96969858,5.659254981,100.0497183,kidneybeans
116,81,55,26.42313317,83.6995044,5.915546415,95.12322062,banana
120,40,33,24.23850608,54.30329632,6.73410539,115.1564012,coffee
35,74,22,26.7230014,62.96841833,6.898905799,42.87274897,lentil
98,79,50,25.34119774,84.47321314,6.435917308,91.06493353,banana
20,69,15,23.44260668,22.77255917,5.934136378,107.4137246,kidneybeans
9,49,16,30.88482722,41.36561835,7.661537348,55.053805,mothbeans
74,43,23,25.95263264,61.89082199,6.325235159,99.57981207,maize
30,120,200,38.06099482,82.24729637,6.234904253,65.70148216,grapes
87,54,20,25.61707368,63.4711755,6.576418207,108.8303762,maize
71,54,35,26.63952463,70.95705996,7.311077075,199.3355744,jute
31,136,197,31.11047251,83.34010951,5.653776058,71.43001582,grapes
0,23,15,22.56664172,93.37488907,7.598729065,109.8585753,orange
96,86,51,29.90888522,76.98740841,6.257369799,91.99964712,banana
0,123,205,22.02775403,92.96129462,5.790993052,121.1349176,apple
38,135,203,41.36106301,82.79782954,6.444373116,69.92107482,grapes
67,60,38,24.79853023,78.53037059,7.16214284,162.2847429,jute
28,37,28,32.13409675,50.52559148,6.097869767,98.63333684,mango
29,45,16,28.43683487,87.91332682,6.583381939,43.12063289,mungbean
15,11,38,23.12808226,92.68328358,6.630646083,109.3930157,pomegranate
90,15,52,27.04927452,91.3821731,6.448061578,23.65747461,muskmelon
39,138,203,21.19339319,82.33098331,6.399433771,74.62834921,grapes
93,22,48,29.12533739,91.52291141,6.776987974,21.90440445,muskmelon
40,45,18,30.43683729,55.20522037,5.261285926,30.92014047,mothbeans
90,59,35,24.25133493,89.86454053,7.098227926,175.1742112,jute
37,71,16,26.28663931,68.51966729,7.324863481,46.13833007,lentil
93,81,50,27.71822477,76.57853189,6.036079266,102.2099836,banana
107,11,54,28.59052369,91.33617236,6.094016338,29.44008034,muskmelon
28,67,21,21.79792649,63.73086065,6.250994223,46.62370222,lentil
100,6,53,29.05248036,93.92217834,6.105909623,23.66620626,muskmelon
20,60,25,27.3254209,69.09047809,6.726469088,61.19250859,blackgram
9,17,32,25.94951662,93.40548703,5.842317989,172.0540491,coconut
126,46,25,24.43847399,81.69801729,6.757457943,60.79645852,cotton
35,140,197,16.77557314,82.75241875,6.106190557,66.76285469,grapes
74,56,22,18.28362235,66.65952796,6.829199275,80.97573281,maize
20,72,15,36.00415838,56.01334416,7.313517308,134.8596466,pigeonpeas
26,51,25,28.76488954,52.62741529,7.792508068,55.21606732,mothbeans
4,18,37,22.91843172,85.40695044,7.13147457,106.2817706,pomegranate
62,56,35,25.97825807,81.65769588,6.235357638,163.3488091,jute
78,58,15,25.00933355,67.816568,6.528631266,62.91359494,maize
15,6,41,19.0087067,88.83768149,6.897368477,108.6793978,pomegranate
66,60,38,22.08576562,83.47038318,6.372576327,231.7364957,rice
103,42,17,24.29470232,84.61527627,6.527541661,81.05902285,cotton
85,95,47,25.94019018,78.3422098,6.211833161,119.84797,banana
117,43,25,24.68854799,78.51206972,7.839849298,69.31153566,cotton
17,11,32,28.74013335,93.39676499,5.620733794,156.7650823,coconut
29,16,36,19.81069447,88.92944254,5.740338002,102.860084,pomegranate
107,71,55,29.42017919,83.96754496,6.088064451,117.229079,banana
27,73,79,19.16288268,15.83500655,7.354973451,82.69766829,chickpea
95,30,52,29.48069921,90.33698678,6.640470863,26.0365768,muskmelon
72,41,36,26.50838667,86.84264005,6.065898283,152.9801697,jute
44,74,85,20.18649426,19.63719995,7.150681303,78.26039559,chickpea
67,60,38,24.79853023,78.53037059,7.16214284,162.2847429,jute
120,24,47,26.98603693,89.4138489,6.260838965,58.54876687,watermelon
99,57,35,26.75754171,81.17734011,5.960370061,272.2999056,rice
117,51,15,22.9535715,78.71555832,6.044556594,99.75336197,cotton
39,16,27,35.53845018,52.94641947,4.934964765,91.54560427,mango
24,37,21,30.573999,58.22686794,5.818219385,62.74803826,mothbeans
28,58,81,17.47500984,16.54314829,6.18042747,93.35034262,chickpea
103,17,51,25.11189154,80.02621335,6.209888345,44.20656987,watermelon
60,46,53,24.48620746,92.98254537,6.761953186,183.49095,papaya
55,77,22,31.4345059,62.99303471,7.76061831,64.77651469,blackgram
8,28,37,23.88404783,86.20613842,6.082571701,108.3121789,pomegranate
80,16,46,25.50405534,81.40297428,6.940236218,48.47833278,watermelon
117,34,25,24.83846178,56.7685316,7.21270048,124.4135035,coffee
39,77,21,22.99774444,60.24218572,4.603563116,159.689339,pigeonpeas
136,36,20,23.09595631,84.86275707,6.925412377,71.29581071,cotton
31,70,77,20.88818675,14.32313811,6.492546046,90.46228334,chickpea
36,55,20,27.01470397,84.34262707,6.635968698,55.296354,mungbean
111,53,19,23.96436009,78.02763149,6.419536555,84.63148859,cotton
39,7,29,27.54273211,94.59086121,6.362544111,150.2012138,coconut
38,14,30,26.92449525,91.20106019,5.570745386,194.9022136,coconut
18,9,40,19.44623085,89.02127045,5.627186257,106.1606833,pomegranate
109,36,18,25.40059227,76.53237965,7.524707577,62.5138867,cotton
38,15,27,33.7462686,48.50387598,6.777788126,92.26439205,mango
103,17,51,25.11189154,80.02621335,6.209888345,44.20656987,watermelon
108,94,47,27.35911627,84.54625006,6.387431383,90.81250457,banana
12,8,10,16.14820285,91.4448027,7.995848977,107.4287664,orange
65,54,39,23.75091572,71.14782585,7.124571593,160.0889553,jute
30,37,25,29.89129144,80.14487166,7.120032489,54.7960127,mungbean
17,59,17,18.4167001,23.42829938,5.689858133,132.9801054,kidneybeans
6,63,23,26.01630259,49.94704718,5.906596905,160.3337447,pigeonpeas
34,60,23,20.12574053,24.96969858,5.659254981,100.0497183,kidneybeans
57,60,17,26.23773129,67.88521396,7.504608385,73.58663968,blackgram
35,64,15,28.47442276,63.53604453,6.500144962,69.5274407,blackgram
19,55,20,27.43329405,87.80507732,7.18530147,54.73367631,mungbean
21,21,30,27.69819273,51.41593238,5.403908328,100.7720705,mango
6,13,29,27.31155708,99.96906006,5.832608028,201.8258633,coconut
117,30,50,24.90123934,87.20772913,6.744966312,46.59207341,watermelon
37,36,27,27.5529736,47.90859131,5.910634533,90.40332704,mango
32,12,30,25.39241091,98.08951196,5.579845008,218.080385,coconut
7,141,195,23.8812458,93.45067555,5.514253142,104.9116663,apple
38,138,204,25.11108456,83.25447587,6.325480034,73.01026829,grapes
113,28,48,28.87726019,92.48839665,6.170520518,24.44267592,muskmelon
5,74,21,16.24469193,21.35793891,5.591704014,66.97053257,kidneybeans
9,66,21,30.11812084,34.13307843,5.719889876,157.0858232,pigeonpeas
7,60,25,28.2753171,82.76020821,6.397636709,56.04995423,mungbean
2,39,15,28.07219563,82.9116472,6.478557136,49.61865305,mungbean
97,36,45,22.2286982,81.85872947,6.939083505,278.0791793,rice
67,35,22,23.30546753,63.24648023,6.385684214,108.7603001,maize
75,53,18,20.68899915,59.4375337,6.864793607,103.651438,maize
34,6,27,25.84726298,90.92669463,5.860740481,147.8888994,coconut
81,40,45,25.7629429,80.76238215,6.427726565,174.5071843,jute
107,22,54,27.99611732,90.84660317,6.630301421,21.61893763,muskmelon
3,9,45,23.89162561,89.61850203,6.535244251,104.617522,pomegranate
82,35,35,25.49386782,86.97061481,7.299076163,176.5268267,jute
6,9,12,31.08368929,90.14362642,7.028746406,109.6894658,orange
89,47,38,25.52468965,72.24850829,6.002524871,151.8869972,jute
111,27,31,23.59302313,55.27564977,6.043330951,191.3980675,coffee
83,9,45,25.85483596,89.13163965,6.049609892,46.85176955,watermelon
76,56,39,24.39459498,89.89106506,6.551130445,197.1220049,jute
83,22,54,25.89762315,81.96664832,6.277245254,54.49960057,watermelon
14,55,15,27.33580911,55.27755933,8.050304395,73.44775287,mothbeans
102,11,45,29.03167341,93.12603235,6.35544263,24.15591199,muskmelon
90,57,24,18.92851916,72.80086137,6.158860284,82.34162918,maize
83,41,43,21.0525355,82.67839517,6.254028451,233.1075816,rice
111,87,48,26.3985515,81.36028902,5.571401169,98.16752001,banana
118,50,19,22.95604064,82.33733678,6.360812227,66.48339303,cotton
102,11,45,29.03167341,93.12603235,6.35544263,24.15591199,muskmelon
59,62,83,18.57665902,19.22008229,8.104396058,72.94940441,chickpea
15,11,38,23.12808226,92.68328358,6.630646083,109.3930157,pomegranate
11,132,197,15.99050693,81.23966573,5.734317007,74.40198861,grapes
100,32,26,25.234661,57.53161469,6.043485685,124.2261737,coffee
81,18,50,26.80750629,88.22874955,6.429788073,58.79889057,watermelon
40,58,15,29.46416042,87.60890009,6.978400282,43.15411472,mungbean
22,79,17,21.42451099,20.39659714,5.912289889,116.5206923,kidneybeans
101,75,50,26.59386409,81.40740301,6.242528278,109.9825551,banana
87,28,30,25.60153969,68.66257977,6.536676653,168.8383605,coffee
56,79,15,29.48439992,63.19915325,7.454532137,71.89090748,blackgram
28,7,9,34.5917846,92.13229786,6.730757538,115.5650287,orange
1,30,29,28.33333307,51.39586505,6.434197756,91.67241761,mango
82,78,46,25.05802193,84.97323747,5.738678895,110.4408803,banana
1,6,35,27.02269204,95.71935435,6.231662767,147.1682459,coconut
91,38,36,26.5232969,77.17331847,7.287318723,157.8548562,jute
18,5,11,20.87947369,90.93756231,6.251586885,102.4550786,orange
36,65,80,18.2872007,16.67921616,6.051091339,74.87445574,chickpea
3,9,45,23.89162561,89.61850203,6.535244251,104.617522,pomegranate
10,71,18,19.54284889,66.34777265,6.151029296,173.1106982,pigeonpeas
5,25,6,30.72119881,94.01331956,6.011302181,106.8118019,orange
20,19,35,34.17719782,50.62161586,6.113935087,98.00687989,mango
9,80,19,21.80619564,18.57086554,5.945465949,125.0972687,kidneybeans
99,12,52,28.69708334,94.30759855,6.002927293,22.21807088,muskmelon
8,50,21,28.62911222,89.1148059,6.218923893,50.49913241,mungbean
68,58,38,23.22397386,83.03322691,6.336253525,221.2091958,rice
6,77,20,25.78746268,60.2816298,6.058306161,49.14337177,lentil
8,59,18,29.50523036,35.72032498,6.216814453,187.8961851,pigeonpeas
110,28,46,24.29105004,88.04541346,6.49889585,51.26046418,watermelon
87,44,43,23.87484465,86.79261344,6.718725189,177.5147313,jute
38,60,76,18.65054116,17.80852431,8.868741443,77.92798682,chickpea
17,136,195,41.20733624,81.61051026,6.389783283,65.90227462,grapes
18,30,29,26.7627493,92.86056895,6.420018717,224.5903664,coconut
43,66,79,19.46233971,15.22538951,7.976607593,74.58565097,chickpea
27,30,5,32.71748548,90.54608254,7.656978112,113.328978,orange
44,60,55,34.2804607,90.55561637,6.825371185,98.54047745,papaya
31,40,22,29.40889385,86.16063492,6.365513634,53.35486977,mungbean
70,68,45,33.83508569,92.85470152,6.991626158,203.4044028,papaya
111,15,54,27.7058373,92.91185695,6.194090172,22.06207161,muskmelon
100,40,35,27.56441788,54.41094079,6.955787351,177.816092,coffee
4,41,20,28.14720892,83.8001509,6.647965508,37.44800463,mungbean
111,79,53,28.31193338,75.77363772,6.165001278,119.695765,banana
57,67,25,32.34744009,66.61452812,7.551364319,64.55882254,blackgram
26,18,27,27.45907759,92.90736493,5.836075368,142.1430003,coconut
50,59,47,40.76998685,92.09278584,6.747975732,209.8678411,papaya
2,123,198,39.64851881,82.21079946,6.253034534,70.39906054,grapes
19,7,9,27.255435,91.71369387,6.969883483,101.139435,orange
99,40,32,24.18471151,69.94807345,7.045543056,163.2708732,coffee
119,72,55,25.99069521,83.33983116,6.220643671,112.0777152,banana
94,54,17,23.39128187,61.74427165,5.871647806,107.3198135,maize
31,79,75,18.8202251,16.1074793,8.204862075,89.73119396,chickpea
34,60,16,31.35730791,64.24992106,7.322555223,63.85668948,blackgram
24,33,35,29.26382931,54.82257868,5.342866119,100.7586226,mango
94,26,27,26.36629861,52.25738495,7.456460375,177.3176161,coffee
82,35,44,26.96656378,78.21047693,6.239011,169.8391177,jute
26,10,33,28.27298134,96.93649473,6.07071786,198.8234862,coconut
34,73,15,20.97195263,63.83179889,7.630424083,53.10207889,lentil
101,37,18,22.92360984,82.68738535,7.63737841,92.91915074,cotton
93,56,36,24.01497622,82.05687182,6.98435366,185.2773389,rice
19,38,26,31.48451729,48.77926304,4.525722333,93.17221967,mango
28,27,34,32.45465292,50.69693751,6.526654345,95.04871605,mango
24,56,85,18.19903647,17.41333199,6.545888558,80.6405403,chickpea
112,73,48,29.2440638,77.32017166,5.707488987,90.66727868,banana
18,19,29,27.59376845,92.48519606,6.206077742,162.8432736,coconut
84,44,21,21.869274,61.91044947,5.850439831,107.2681929,maize
4,47,20,25.97948991,64.95585424,4.193189124,72.19245835,mothbeans
26,24,34,31.27180992,52.23810152,6.811291098,89.74409017,mango
4,24,43,22.40423537,88.1508343,7.199504273,109.8695196,pomegranate
4,13,6,15.63211033,94.25966183,7.561143224,101.4705704,orange
111,40,25,24.484692,84.44932014,6.187455799,90.94342484,cotton
54,67,52,35.67667332,93.30641944,6.586107335,141.3381168,papaya
0,74,17,23.33375853,64.50515776,7.240988401,47.01510708,lentil
53,74,15,29.43463808,64.94329356,7.517097,72.17818157,blackgram
82,20,54,29.34033587,90.01506395,6.541150335,21.44532907,muskmelon
37,30,34,27.53907547,53.63549533,6.797779227,99.35408185,mango
97,59,43,26.35927159,84.04403589,6.286500176,271.3586137,rice
113,6,52,27.76317235,90.35567642,6.740983646,25.21609113,muskmelon
12,29,40,19.68291173,89.75272999,6.594037135,111.2818551,pomegranate
3,136,205,17.5862944,80.84806564,6.334771461,71.4065452,grapes
25,57,19,17.15432954,19.87070659,5.566522896,87.99669731,kidneybeans
58,46,45,42.39413392,90.79028064,6.576261427,88.46607497,papaya
101,10,47,25.5421695,83.31883376,6.936997681,57.57343233,watermelon
110,22,47,29.03157242,91.82172592,6.243673725,24.93861254,muskmelon
4,61,21,24.84063998,60.09116626,6.75020529,48.77790371,lentil
6,123,203,12.7567962,81.62497448,6.130310493,66.77844567,grapes
82,18,48,29.09588297,94.16748386,6.159050816,26.70581328,muskmelon
116,71,47,27.57278064,82.0638878,6.435785799,91.34276507,banana
22,8,33,28.43572863,95.8840407,5.665785202,203.9283708,coconut
2,120,203,23.12652652,94.71203306,5.893492999,108.6211833,apple
117,25,54,28.68275966,92.50969311,6.150686364,29.11187663,muskmelon
28,23,28,30.01821337,50.0983181,5.676032581,96.08745082,mango
8,45,15,28.09568993,60.9835384,4.61136408,33.84110759,mothbeans
59,60,84,19.03025305,18.66725565,7.690962338,94.70992037,chickpea
119,19,55,25.18780042,83.44621709,6.818261383,46.87420883,watermelon
70,54,46,39.73149053,91.12220596,6.919342407,122.7628653,papaya
86,15,47,24.04355803,84.18406764,6.423898762,53.78929956,watermelon
71,35,24,22.27373646,59.52193158,5.826426917,67.96704792,maize
109,36,18,25.40059227,76.53237965,7.524707577,62.5138867,cotton
1,30,10,11.89925671,91.34663797,7.291405641,103.5771468,orange
19,122,202,23.34467359,90.37981478,5.811975094,112.8954016,apple
119,19,55,25.18780042,83.44621709,6.818261383,46.87420883,watermelon
39,139,201,41.18664903,81.01783402,5.539980812,68.68895899,grapes
76,51,18,26.16985907,71.96246617,6.247040422,79.84925393,maize
20,73,22,16.03768615,22.33195853,5.976312538,130.3900798,kidneybeans
18,23,8,21.49118657,93.43949693,6.41354791,101.4819888,orange
101,10,47,25.5421695,83.31883376,6.936997681,57.57343233,watermelon
93,53,38,26.92995077,81.91411159,7.069172227,290.6793783,rice
14,67,15,19.56376468,24.67385131,5.690065688,139.2921004,kidneybeans
110,7,45,26.63838589,84.69546874,6.189213927,48.32428609,watermelon
92,85,51,29.22118628,81.08183635,5.740764682,108.8616474,banana
78,43,42,21.32376327,83.00320459,7.283736617,192.3197536,rice
92,35,40,22.17931888,80.33127223,6.357389366,200.0882787,rice
39,25,36,18.90223032,94.99897537,5.567805185,107.6103211,pomegranate
100,18,52,26.20234499,80.38266489,6.87606733,56.47941847,watermelon
93,22,48,29.12533739,91.52291141,6.776987974,21.90440445,muskmelon
99,41,36,24.45802087,82.74835604,6.738652179,182.5616319,rice
4,67,25,23.78709569,24.35679348,5.948164454,119.6404412,kidneybeans
72,45,35,25.42977518,82.94682591,5.758506323,195.3574542,rice
30,120,200,38.06099482,82.24729637,6.234904253,65.70148216,grapes
9,35,20,27.41503453,80.98004661,6.91380932,40.53173216,mungbean
31,56,23,31.46846241,35.39454002,5.661826398,174.5723999,pigeonpeas
131,35,18,24.49112609,82.24415809,7.057693366,64.02949379,cotton
40,16,35,34.16438906,54.16482251,4.954739564,98.33351125,mango
37,77,20,25.93381964,68.70533022,7.080506001,51.02372773,lentil
116,81,55,26.42313317,83.6995044,5.915546415,95.12322062,banana
23,5,44,21.20725375,94.26304717,7.16300467,107.5660804,pomegranate
87,25,46,27.42711692,90.02696201,6.379690748,21.7508774,muskmelon
83,9,45,25.85483596,89.13163965,6.049609892,46.85176955,watermelon
41,78,21,25.19857725,60.37332688,6.581313137,70.88787207,blackgram
97,59,43,26.35927159,84.04403589,6.286500176,271.3586137,rice
119,30,28,26.35770906,64.57578034,6.505203696,163.6269496,coffee
10,37,22,28.7275267,89.12760359,7.069747814,58.52974279,mungbean
25,63,20,15.78601387,21.14544088,5.502999119,95.17028129,kidneybeans
105,56,15,25.96779712,81.97904282,7.272316209,74.14169043,cotton
21,63,17,25.08966129,68.17543102,6.559681838,41.45486619,lentil
82,26,47,28.50416396,93.46806467,6.565312653,24.20007242,muskmelon
38,51,52,32.66160599,90.78931681,6.927803911,78.85085502,papaya
28,37,28,32.13409675,50.52559148,6.097869767,98.63333684,mango
61,44,17,26.10018422,71.57476937,6.931756558,102.2662445,maize
32,79,22,27.60195453,63.46170674,5.91645379,54.37814199,lentil
20,60,22,29.65052947,42.89833235,6.876572503,186.9226052,pigeonpeas
73,57,41,21.44653958,84.94375962,5.824709117,272.2017204,rice
83,7,45,29.08417927,90.73891887,6.704104127,25.33014238,muskmelon
34,59,18,23.38002569,21.98879437,5.744117663,87.66898664,kidneybeans
32,55,51,29.60718808,93.15642801,6.57398033,62.68710535,papaya
54,62,80,17.48911699,16.39055394,7.489545074,79.45758333,chickpea
49,68,22,28.56840626,61.53278622,7.127064207,63.49726331,blackgram
37,36,27,27.5529736,47.90859131,5.910634533,90.40332704,mango
8,54,20,28.3340432,80.77275974,7.034214276,38.7976407,mungbean
89,60,17,25.37548751,57.21025565,5.983952675,101.7004306,maize
24,131,196,22.03296178,83.74372787,5.732453638,65.34440794,grapes
119,30,49,25.35794749,80.45846265,6.903020221,47.72078245,watermelon
34,75,24,23.50222822,51.29019509,4.760038039,192.3023991,pigeonpeas
5,29,44,21.02432943,93.0569505,5.578095745,104.7847006,pomegranate
81,45,23,19.32666088,68.034493,6.192360003,84.22969177,maize
84,18,46,27.08808014,93.42402083,6.781050373,25.32159689,muskmelon
32,145,203,23.83053666,90.84422164,6.406818518,109.5966791,apple
28,23,28,30.01821337,50.0983181,5.676032581,96.08745082,mango
17,74,17,26.03026959,69.55863145,7.393210848,37.11395801,lentil
85,58,41,21.77046169,80.31964408,7.038096361,226.6555374,rice
120,24,47,26.98603693,89.4138489,6.260838965,58.54876687,watermelon
67,35,22,23.30546753,63.24648023,6.385684214,108.7603001,maize
107,38,29,26.65069302,57.56695719,6.35118177,145.105065,coffee
54,67,52,35.67667332,93.30641944,6.586107335,141.3381168,papaya
38,77,22,28.234829,69.3159965,6.313284268,35.36831423,lentil
25,65,21,33.86351172,68.59232289,6.880245789,69.24464096,blackgram
74,56,22,18.28362235,66.65952796,6.829199275,80.97573281,maize
6,62,22,20.53052663,18.09224048,5.824090984,120.4509288,kidneybeans
7,126,203,16.76201707,82.00335557,5.662140095,73.28712806,grapes
58,61,15,30.94908189,64.23364112,7.402891666,62.78730907,blackgram
85,21,52,29.62800691,90.10051615,6.075144116,23.69586761,muskmelon
12,20,10,24.45132792,93.10527686,6.528354932,109.4711098,orange
2,38,18,27.53632932,89.92908171,6.619891498,45.48591922,mungbean
109,79,45,27.66752761,79.68542782,6.490074429,108.66464,banana
106,85,53,27.1994597,78.8086068,5.91505509,99.72430835,banana
23,24,32,28.1218093,46.16888595,5.630619901,93.30247448,mango
29,76,15,28.5417236,64.2020154,7.025607706,69.68862306,blackgram
118,40,35,26.35034208,58.50650238,7.460174812,121.5586297,coffee
21,26,27,27.00315545,47.67525434,5.699586972,95.85118326,mango
108,36,19,22.78249615,77.51235009,7.238566893,64.61444234,cotton
82,24,26,24.31274458,53.57285558,6.089443603,184.4103931,coffee
87,44,43,23.87484465,86.79261344,6.718725189,177.5147313,jute
89,85,55,26.6719835,76.48541655,6.275384607,91.73358569,banana
113,30,50,26.03967219,83.9862443,6.277484043,43.87712348,watermelon
36,144,196,23.65167552,94.50528753,6.496934492,115.3611268,apple
36,43,24,27.09400578,43.65305437,3.510404312,41.53749535,mothbeans
50,46,52,31.18298415,90.21646909,6.734005648,54.01872359,papaya
16,143,204,23.71475278,91.53331177,5.631333387,121.8961665,apple
0,19,33,27.1326009,95.23797989,6.234458417,204.7206567,coconut
86,59,35,25.78720567,82.11124033,6.946636369,243.5120414,rice
101,13,54,25.42900869,82.91481799,6.828982708,56.34144589,watermelon
87,60,23,20.27317074,63.91281869,6.439071996,62.50351892,maize
27,145,205,9.467960445,82.29335466,5.800242694,66.02765219,grapes
120,60,15,22.31871914,83.86129998,7.288377241,65.35747011,cotton
10,75,17,18.43966037,68.05394959,7.732194788,39.00992137,lentil
88,5,47,25.86475496,86.67468041,6.662244646,41.16554802,watermelon
35,41,18,28.70562673,81.59200689,6.705008504,59.87065439,mungbean
22,144,196,21.91191314,91.68748063,6.499226821,117.0761277,apple
3,27,44,24.56811204,92.03009222,6.591302797,110.9633894,pomegranate
95,57,41,23.24925555,73.65346838,6.434610995,184.7674863,jute
12,142,203,31.3115978,82.56407013,5.972850838,65.01095312,grapes
10,59,15,29.83040388,89.30428305,6.32400451,58.86687093,mungbean
100,76,45,25.56703012,75.94067692,5.590236025,102.7867717,banana
2,30,30,26.00175125,94.79998418,6.331051715,209.540094,coconut
22,68,16,27.70496805,63.20915034,7.74672376,37.46160727,lentil
98,43,35,25.40785911,76.44048625,7.319952206,188.6372826,jute
29,121,196,22.84852833,94.32130209,6.079497202,123.5977843,apple
105,60,23,23.53371386,77.21705554,6.207652157,87.54004943,cotton
12,66,20,27.41434987,63.41785982,7.336117221,44.43177543,lentil
19,36,22,25.44689075,58.55363573,6.16496284,57.04826619,mothbeans
81,18,50,26.80750629,88.22874955,6.429788073,58.79889057,watermelon
16,15,42,19.67832052,89.08935702,6.890784045,108.5468633,pomegranate
22,30,12,15.78144173,92.51077745,6.354006744,119.035002,orange
33,12,8,25.26052689,90.31153735,6.822282114,117.3695296,orange
20,60,78,18.17234999,14.70085967,6.358740355,90.7760707,chickpea
32,120,204,10.38004759,83.44518113,6.138958698,67.3917379,grapes
107,43,18,22.426733,81.53480799,6.745104394,65.54475812,cotton
34,140,198,21.70416965,93.44006288,5.751707342,115.1781396,apple
30,137,200,22.91430043,90.70475565,5.603413172,118.6044645,apple
40,64,47,32.50037548,93.47888842,6.893509446,71.73759526,papaya
49,54,50,25.62446619,93.18240298,6.762522087,97.26336657,papaya
88,38,15,25.08239719,65.92195844,6.455116637,62.49190812,maize
18,17,31,31.74592134,45.16127859,5.667507706,93.75441586,mango
12,20,10,24.45132792,93.10527686,6.528354932,109.4711098,orange
